subreddit,id,created_utc,author,score,num_comments,flair,url,titulo,texto,tipo
mexico,1oml8w7,2025-11-02T16:08:40+00:00,mochi_rosa_o-o,0,1,Quiero consejos y opiniones :doge:,https://reddit.com/r/mexico/comments/1oml8w7/ayer_mi_hermano_mayor_le_dijo_a_mi_madre_que_si/,Ayer mi hermano mayor le dijo a mi madre que si no se iba conmigo y mi hermano de la casa nos iba a encontrar a todos mu3rt0s hoy,"Soy de México y en mi casa somos familia grande mis 3 sobrinos mi cuñada mis 2 hermanos mi mamá y claro yo mis sobrinos tienen 4, 2 y 8 años respectivamente el de 8 solo viene de vicita los fines de semana ya que es hijo de una ex pareja de mi hermano el mayor, el problema de esta historia.

Bueno el llego echando problemas y le comenzo a pelear a mi mamá que disque ya lo tenia arto que el paga todo que el hace todo (no es cierto claro que al ser familia grande todos nos movemos) pero no pues el es el ""todo poderoso"" y cabe decir que estaba algo tomado y lo conocemos en algún lugar se metió alguna dr0g4 siendo que el jura que va a cambiar y ya no le ara a esas cosas si lo cumple pero por unos meses y luego cae en lo mismo lo peor es que hace sus tontadas en fechas importantes como ayer que estabas acabando de poner el altar de día de mu3rt0s.

En fin el en un punto golpeó la meda con el puño cerrado y le grito a mi mamá que ""ya no te quiero aquí mañana ni a ti ni a tus hijas y menos si no me traes el dinero que me debes!-"" ay mi mamá se molesto y me dijo a mi ""tráeme mi teléfono para hablarle a la patrulla!"" Yo iba a ir por el porque todo esto pasaba en la cocina y yo estaba ahí iba a ir por el teléfono pero ahí me asuste porque avían 2 teléfonos en la mesa que acababa de golpear y cuando escucho que mi mamá dijo eso a los segundos mi hermano negó con la cabeza y tomó los teléfonos de la mesa uno era el de mi cuñada y el otro el de mi otro hermano ay me asuste y no fui por el teléfono de mi mamá ya que para esto yo traía una bolsita de esas que te cuelgas el el hombro y ahí traía mi teléfono guardado pero se veía que sobre salia de la bolsa. Me di la buen regrese a la cocina dispuesta a salir de la casa ya que sentía que no podía dejar por nada de el mundo que me quitara mi teléfono sentí que si iba por el teléfono de mi mamá el me lo quitaría y por ende también me quitaría el mio, pues hice eso pero cuando el vio que yo iba a salir quizo correr tras de mi me asuste demasiado en mi casa tenemos un porche para estacionar los carros y pues tenemos un portón yo me quede parada en el portón y veía como lo agarraban entre mi otro hermano y mi mamá para que no fuera tras de mi yo escuche como grito ""sueltame porque no quiero pelear contigo si?!-"" yo escuche eso y me asuste más verán padezco de ansiedad y me an dado varios ataque de ansiedad en el pasado y no vengo de un contexto familiar muy agradable ya que mi papá también fue adicto y ya en el pasa también quizo as3s1n4r a mi madre en sus locuras yo solo recordaba eso en un momento reaccione y la casa de la mamá de mi cuñada esta en la misma calle esta a 3 casas de distancia de la mia como vi que aun lo agarraban salí corriendo ya con un ataque de pánico mi cuñada estaba ahí con su mamá y cuando me vio corriendo ella corrió directo a mi y me dijo ""que paso?! Que paso?!"" Yo solo podía decirle ""venia atrás de mi venia atrás de mi! Me quería quitar el teléfono!"" En eso ella corrió a mi casa no sin antes decirle a su mamá que me cuidara y me ayudara a calmarme porque pues yo estaba muy muy asustada tartamudeava y me temblaba todo ya la madre de mi cuñada me metió a su casa y lo que sigue claramente yo no lo vi pero lo cuentan mi mamá mi cuñada y mi otro hermano.

Mi hermano el mayor comenzó a pelear con mi cuñada me dijeron que en un momento el quizo sacar un cuch1ll0 ya que en un cajón guardamos cucharones y pues los cuchillos el quizo abrir ese cajón pero mi madre no lo dejo y lo cerró de golpe y en eso dice mi cuñada que no sabe como pero empujo con mucha fuerza a mi hermano fuera de la casa lo empujó al porche y ahí mi hermano cerró la puerta principal para encerrarce con mis sobrinos que no sabían que pasa pero estaban asustados mientras mi hermano se encerró en la casa con los niños mi cuñada se quedo con mi hermano en el porche y mi mamá se quedó afuera por el portón y en un momento fue a la casa de la mamá de mi cuñada para ver como estaba y pues para calmarme cuando ella llego ya estaba la mamá de mi cuñada marcando a la policía mi mamá hablo con poco consigo y se dispuso a irse de nuevo a ayudar a mi cuñada en lo que esperaban la patrulla pero antes de irse yo le grite ""ma mamá mamá!"" Asuatada porque claro traía aún le pánico sembrado, yo tengo un gas pimienta que siempre cargo en la bolsa que mencione antes se lo di y se fue para esto nuevamente volvemos a lo que me contaron llego la patrulla y en el porche tenemos un asador pues para carne asada y cosas así a ese asador se le pueden quitar las patas que son pues literalmente tubos de fierro grueso cuando la policía llego le quito una de las patas al asador pero pues claro mi cuñada se lo quito como pudo y ya entraron al porche los policías iba una policía mujer entre ellos y mi hermano le quizo pegar eran 4 policías y entre los 4 no podían con el asta que le rociaron gas pimienta y no con eso dejo de patalear y gritar ya no subieron a la patrulla claramente esposado y frotándose los ojos por el gas pimienta lo subieron el la cajuela d ela patrulla acostado boca abajo con un policía poniéndole el pie en la espalda para que no se levantara por el aun quería seguir peleando. Y ya esto paso anoche como a las 10 ahora son las 9 de la mañana y el esta encerrado se supone que saldrá hoy como a las 6 o 7 de la tarde para esa hora ya va a tener sus cosas afuera junto con su carro porque el le reclamo a mi mamá que según ella usaba el carro más que el, mi mamá nisiquiera sabe manejar estándar y el carro de el es estándar nadie más usa ese carro más que el ya que en la casa nadie sabe manejar porfavor den consejos o no se opiniones voy a subir esto a tik tok y YouTube para que dejen opiniones y mandarle el video a mi hermano para que escarmiente o ya no se gracias por leer y o escuchar",actitud/opinion
PsicologiaES,1om704a,2025-11-02T03:18:31+00:00,aeguitart,5,6,,https://reddit.com/r/PsicologiaES/comments/1om704a/mi_vida_sexual_se_muere_termina_sin_haber_empezado/,"Mi vida sexual se muere, termina, sin haber empezado","Quería saber que opinan o qué dicen. 
Soy un vato, estoy en mis 20s y nunca he tenido sexo. Pues normal,  es algo que no importa mucho, y asi me pasaba a mi, no pensaba nada en eso más que en mis cumpleaños en los que lowkey me awitaba: ""otro año virgen..."" pensaba. Lo peor fue cuando cumplí 18 y cuando cumplí 20,21 me sentía raro, fracasado, etc.
La verdad es que yo nunca he sido muy sexual o calenturiento. Hasta he llegado a cuestionar si no sería gay o algo, porque cuando me besaba y fajaba con morras, ya sea en pedas, escuela u otros lares, no sentía mucho, no sentía nada; para mi, el besarse con alguien, el juntar labios era igual que juntar otra parte del cuerpo como codos, hombros, pies, etc. Realmente solo hacía eso por validación, por sentir que valía algo, que no estaba tan pendejo y que era diferente de esos otakos y freaks que se la pasan todo el día encerrados en su cuarto frente a una pantalla (xd actualmente hago praticamente lo mismo, solo en vez de eso, me la paso con libros).
Aparte de esto, no me gusta  porno y me aburre masturbarme (antes si me gustaba el onanismo, pero, por algo que trataré más adelante, ya no). Así que sexualidad tampoco hay.
En 2022 tuve una novia/situationship, ella se me acercó primero, pues yo nunca busco ligar por esos pedillos y pues dije, a ver que sale. La relación se desarrolla y resulta que vivimos bastante cerca, así que un fin de semana quedamos de vernos en un parque. Cuando llega decido llevarla a un río que está cerca de ahí; pero juro por lo que más quieran que no tenía malas intenciones, el río es un lugar en el que me gusta mucho estar, a veces voy con compas, a veces solo, otras veces con mis perros; yo solo quería caminar y platicar :c. Llegamos al río y ella se pone muy cariñosa, terminamos acostandonos en un claro que había allí; no recuerdo que más pasó, pero después, ella se sube en mi y se empieza a frotar la panocha contra mi verga y como yo no traía condones, ni me había bañado, estaba practicamente rezando para que no quisiera cojer; entonces, fui salvado por la campana, mi jefa me marcó y pues tuve que irme a mi casa, pero quedamos en vernos al día siguiente. 
Al día siguiente fue lo mismo, pero yo ya había comprado unos condones. La verdad yo no quería cojer, simplemente lo iba a hacer por complacerla a ella y por ""hacerme hombre"" (una mamada ¿No? ese pensamiento machista, pero pues estaba más pendejo que ahorita). Y pues lo mismo, hasta se quitó la blusa (¿o se la quité yo?) y pues le chupé las chichis y todo pero neta yo no quería cojer, me daba miedo, soy un culón (y ahora me da asco; qué cosas ¿no?) Afortunadamente, gracias Dios, ese día tampoco se hizo. Después la relación valió madres por mis pocas habilidades de comunicacion, emocionales y falta de responsabilidad afectiva.
Considero importante añadir que de un tiempo (2023 cct) para acá empecé a consumir drogas como Marihuana, Nicotina y LSD. Desde hace un año, 2024, empecé a consumir pregabalina, un ansiolítico, y Tramadol, un opioide atípico que tambien funciona como ISSR. 
De hecho, nunca había tenido sueños húmedos hasta que empecé a meterme tramas, pues este, aparte de que me encogía la verga como si hubiera nadado en alberca olimpica jaja, dificultaba mucho la erección, y si lograba levantarlo,  tambien dificulta mucho el orgasmo (antes me gustaba jalarmela con distintas drogas para ver como afectaba este proceso; btw la marihuana y la pregabalina son lo mejor para esto); así que cuando consumía tramadol (y esto era muy seguido, a veces a diario) no me masturbaba.
Avanzamos a este año. Me empezó a gustar una compañera de la carrera, del mismo salón, me enamoré profundamente y eso que yo rara vez me enamoro: solo 3 veces en toda mi vida. Ella es muy amable con todos, extrovertida, golden retriever en pocas palabras. Y pues ella siempre me abrazaba mucho y todo, se me pegaba mucho y hasta me daba besos en el cachete desde 2023, pero nunca consideré posible tener novia por unos pedillos familiares; así que veía imposible que fuera mi novia.
El enamoramiento surgió un día que estaba marihuano, lavando los trastes y pensando cositas mientras escucha Por cesarea de Dillom, especificamente La novia de mi amigo y Cirugía. Pensé ""pues si estaría chido tener novia"" (yo nunca había considerado tener pareja sino hasta que viviera solo por pedos familiares como ya dije), y recordé como ella me trataba. Fue eso lo que plantó la semilla del enamoramiento.
Pero aun así lo consideraba imposible y este sentimiento de enamoramiento llevaba mucho rato sin sentirlo, era demasiado fuerte que me hacía llorar. Frecuente me salía de las clases para irme a unas bancas cerca del río a llorar.Además ella era la única morra por la que sentía atracción sexual, la única con la que me hubiera gustado mantener una relación larga y en serio y la única que despertaba ese deseo. Después empecé a consumir DXM (dextrometorfano) y me quedaba en mi cama escuchando el Por cesarea. Después empecé a consumirlo en la uni. Hasta que un día que yo estaba tumbado en una banca con la cabeza tapada afuera de salón ella salió a checar si estaba bien. Me destapó la cabeza. YO tenía lagrimas en los ojos y le dije que me gustaba.
Paréntesis, yo ya había intentado decirle frente a frente, sobrio, pero nunca la hallaba sola, hasta llegué a esperarla afuera del salón a primera hora para decirle, pero nunca tuve éxito...
Así que ella me dice que ya está con alguien y me ayuda a levantarme y a entrar al salón.
Al contrario lo que pudiera parecer, esto me tranquilizó, pues ya tenía la certeza de que no iba a ser.
Avanzamos unos meses y empiezo a tener unaa situationship con una morra de chimpancingo. Era una relación mas que nada platónica, y hablábamos sobre nuestros intereses y yo le mandaba poemas y sonetos.
Otro paréntesis: A esta morra la conozco desde hace 4 años pero no me había gustado a pesar de que es muy bonita por las cosas que publica y comparte, me daban cringe, me parecían espantavatos. De hecho yo le gusté a esta morra en 2023 (ella misma me lo dijo mucho tiempo después) pero por lo mismo no me acerqué mucho. 
Otra cosa curiosa es que ambas morras se llaman igual xddd.
Resumiendo porque está quedando muy largo el post, un día me empieza a hablar de que cuando se aburre se masturba,yo le dije que no recordaba la última vez que lo hice por el Tramadol, ella me dice que se le quedó la estimulación sexual porque ella ya había tenido varias relaciones con anterioridad. Está bien, ni modo que se esperara para mi, eso solo pasa ne las ficciones. Pero la gota que derramó el vaso fue que me dijo ella misma, por sus ovarios, que luego tenía por ahi a su amante y que estaba chido porque no le gustaba románticamente. Si me caló pero en el momento no dije nada, tenía que actuar con la cabeza fría, así que al día siguiente (estando bien dextro xddd) le digo que si me shockeó lo que me dijo y que pues mejor como amigos, a lo que ella responde:
Jajajaa okey
igual ajá, ese wey es mi amigo no mi vato pero okei
si te hace sentir cómodo respetar el coito de otro wey lo entiendo
cosa de hombres y así XD.
Yo al chile con entendí a que se refería con lo de respetar el coito pero okay, siento que si se vió un poco ardida. No voy a mentir, la verdad yo si me ardí.
Creo que fue como un trauma porque, a partir de ahí me empezó a dar asco ella y el sexo. Cada vez que veo una representación del acto sexual solo pienso en como el vato la disfrutó y como ella estaba allí. 
Ya tiene más de un mes esto. Lo cagado es que después me dijo que se distanció de él que porque estaba desarrollando sentimientos por él y la mamada.
Yo dejé de ver sus Stories y todo pero ella luego le da like a las mías, o responde y la mamada. Pero ya no. Ya no... Además se me hizo cagado que ayer o antier subió unas fotos en las que se ven en primer plano unas botas igualititas a las que uso (yo ando en estilo vaquero por el calor, sombrero, camisas, jeans y botas vaqueras) nomás que en versión femenina y luego una selfie de ella usándolas. Obvio no reaccioné.
Eso es un poco de la historia, muy muy resumido.
Actualmente no planeo tener novia pues no tengo las capacidades emocionales ni monetarias ni nada, es mejor que esté solo. Hasta siento que lo merezco por ser un culero.
Y pues nada, planeo nunca tener sexo, lo que ya no fue a cierta edad, ya no será. 
Además hay muchos factores como el que mi falta de experiencia resulte incomoda, el que las morras a esta edad ya estan muy experimentada y al chile si me genera inseguridad esa asimetría, esa desigualdad de condiciones. Me hubiera gustado perder la virginidad a los 17 o de perdida a los 18, a los 20, 21... Pero no, lo que ya no fue, ya no será.",actitud/opinion
chile,1olncyv,2025-11-01T13:06:34+00:00,Then-Position2629,6,36,Comunidad r/chile,https://reddit.com/r/chile/comments/1olncyv/antidepresivos_y_síndrome_de_discontinuación/,Antidepresivos y síndrome de discontinuación,"¿Es normal que pegue tan fuerte el síndrome de discontinuación/abstinencia  de antidepresivos (paroxetina) y cuánto les duró este efecto más o menos?

Hace un par de meses (3 aprox) me recomendaron dejar el medicamento de forma gradual después de casi 1 año y medio en tratamiento. El problema ha estado en las últimas semanas, donde la dosis ha sido 1/4 de pastilla cada varios días, algunos de mis síntomas son mareos, somnolencia a pesar de dormir las horas correspondientes, mayor ansiedad, agitación física, dolores de cabeza. En sí no es tanto la parte psicológica como la parte física. Sé que lo lógico sería acudir al médico de cabecera y tengo pensado hacerlo si el problema se agrava o perdura, pero al ser sistema público, también quiero acudir acá para ver si alguno tuvo una experiencia similar y cómo fue, me sería de gran ayuda.",otro
PsicologiaES,1olj18t,2025-11-01T08:54:48+00:00,Historical-Emu-3663,2,3,Debate y reflexión,https://reddit.com/r/PsicologiaES/comments/1olj18t/trauma_con_una_persona/,Trauma con una persona,"Tengo un problema. 
Empieza la historia contando que yo conocí a un individuo hace 4 años, en un juego, me empecé a llevar muy bien con él. Jugamos todos los días en la noche y tenemos muchas cosas en común. Nunca había conectado a con alguien así de esa forma, pero él tenía un carácter y una forma de ser muy fea, ya que sólo pensaba en él y hablaba sobre él a pesar de que yo siempre me preocupa por el. 
Llegó a ser tan tóxico que yo decidí alejarme para no sentirme así, ya que me sentía mal porque él solo se preocupaba por él mismo y nunca me decía si estaba bien.
Pero al alejarme, creo que me empeoró, yo llegué a rogarle, que volviéramos a ser amigos y él no quiso (la verdad yo sentia que eramos mas que amigos), a pesar de que yo fui la que se alejó. Llegué al punto de la locura cuando viajé a su ciudad solamente para ir a estar afuera de su casa el nunca supo de esto.
Actualmente sigo pensando en él y lo sigo extrañando como el primer día y no sé qué hacer. 
Él está súper chill disfrutando su vida. Nuevas experiencias y yo todavía sigo pensando en él. No sé qué hacer. Estoy desesperada.
Se que esto es algo ya mas bien  psicológico que una tontería,  por eso lo subo aqui.",consulta
PsicologiaES,1olbtko,2025-11-01T01:28:12+00:00,Available_Holiday581,4,5,,https://reddit.com/r/PsicologiaES/comments/1olbtko/recuerdos/,RECUERDOS,"Hola, nunca he escrito nada pero me preguntó si alguien más le sucede algo así o si puede ser algún síntoma de algo más.

Siento y creo que soy una persona que le da mucho peso a lo negativo de la vida, curiosamente olvidó muchas cosas, pero, cada vez que me pasa algo vergonzoso tiendo a recordarlo siempre y me siento como un tonto.

Ya sea que haya hablado enfrente de una multitud, que haya hecho un comentario que se malinterprete, que me haya tropezado en público, etc, etc.

Siempre vuelven a mi estos momentos, algunas cosas de mi día a día parece que ""reactivan"" estos recuerdos y me hacen sentir mal conmigo mismo, mi solución es decir alguna grosería o pegarme en alguna parte del cuerpo (depende del recuerdo que venga a mi), no sé si alguien más le pase algo parecido y como es que lidia con ello, ya que creo que no es bueno autolesionarme para olvidarlo o intentar pasar a otra cosa.

He ido con psicólogos, con psiquiatras, pero, o no me sé explicar o no soy suficientes detalles, estoy desesperado por encontrar una solución ¡AYUDA!",consulta
PsicologiaES,1olay6f,2025-11-01T00:43:23+00:00,elsaberoculto,1,1,Debate y reflexión,https://reddit.com/r/PsicologiaES/comments/1olay6f/soy_buen_paciente_con_esquizofrenia_he_aprendido/,"Soy buen paciente con esquizofrenia, he aprendido mucho en terapia, me gustaría decirles a las personas que he aprendido alguien tiene alguna duda?",Estoy por requerir menos terapia y pasar a ser independiente de mis terapias psicológicas.,otro
PsicologiaES,1olaurx,2025-11-01T00:38:44+00:00,elsaberoculto,8,19,Divulgación,https://reddit.com/r/PsicologiaES/comments/1olaurx/soy_buen_paciente_con_esquizofrenia_alguien_que/,"Soy buen paciente con esquizofrenia, alguien que tenga una duda sobre lo que he aprendido en terapia?.","Actualmente no necesito medicamento y estoy por empezar a trabajar, me siento listo para continuar mi vida, si pudiera ayudar a alguien me sería grato.",consulta
argentina,1olauoa,2025-11-01T00:38:35+00:00,Antyto2021,0,24,Serio 💭,https://reddit.com/r/argentina/comments/1olauoa/reforma_laboral_ya/,Reforma Laboral YA,"Bueno, vengo con mi primer post serio a generar conciencia por un lado y debate por el otro, intentaré no ser partidista de ningún tipo y tambien quiero tocar los puntos de una reforma pro mercado que beneficie tanto a empresas como a empleados y los puntos rojos donde puede salir todo mal y generar crisis social...

El objetivo es que veamos que no todo es gris ni todo es color de rosas, hay preocupaciones serias que tienen su punto critico y está bien tenerlo, evaluar todo, hacer una evaluación personal y con eso, en el momento que salga la nueva ley (coexista con la actual o la reemplace) sepamos individualmente que caminos podríamos tomar, es un aporte a la comunidad con tono serio, pero si genera debate aún mejor.

Lo primero es la base actual, tenemos leyes sobrehumanas en argentina, por un intento de protección absoluta del trabajador (por buenas intenciones vamos a suponer), se generó un estado de empleo precario, informal y muy demandante.

A TODOS los que hemos tenido un buen puesto en una empresa, con buen sueldo y buen horario, toca agachar la cabeza y siempre decir que si para mantener el buen clima laboral, ya que ser despedido o renunciar puede implicar no encontrar nuevo trabajo en mucho tiempo o encontrarlo pero mas probable no tener las mismos beneficios, siempre el nuevo puesto es para peor.

Entonces partimos de que, lo que pretende proteger es lo que termina sucediendo, dejando un país roto, con desprecio por los empleadores, miedo a invertir en tu negocio y una industria del juicio que poco tenía que ver con el espíritu principal de la ley.

Partiendo de esta base queda en claro que un cambio es necesario, el mas obvio y principal es que necesitamos favorecer el empleo registrado, (el lado sancionatorio no sirve, se persigue hace 70 años al que tiene un empleado en negro, te das vuelta y el mismo que lo condena tiene una empleada en negro) por ende hay que buscar otro mecanismo, si condenarlo no sirve, entonces incentivar la acción contraria es buena idea como incio.

La ley redactada en 2024 es en efecto pro mercado, quiero destacar lo bueno de ella:

La reforma consiste en un conjunto de modificaciones a la Ley de Contrato de Trabajo (LCT) y normativas complementarias, diseñadas para alterar fundamentalmente la relación entre empleadores y empleados. Sus puntos clave son:

Modificación del Principio de Irrenunciabilidad (Art. 12): Aunque se mantiene la nulidad de la renuncia a derechos, se abre una puerta a que las partes (empleador y empleado individualmente) puedan acordar modificaciones a ""elementos esenciales"" del contrato y solicitar su homologación a la autoridad. Esto habilita una negociación individual que antes estaba reservada casi exclusivamente a la negociación colectiva (sindicatos).  
  
Ampliación de Beneficios No Remunerativos (Art. 103 Bis): Se amplía significativamente la lista de beneficios que el empleador puede otorgar y que no se consideran parte del salario (reintegros de guardería, gastos médicos, internet, telefonía, cuotas de gimnasio, etc.). Esto reduce el costo laboral para la empresa (ya que no pagan cargas sociales) pero también desfinancia la seguridad social y no computa para aguinaldo, vacaciones o indemnización del trabajador.  
  
Tope a los Intereses en Juicios Laborales (Art. 276): Se establece un límite estricto para el cálculo de intereses en sentencias judiciales: la actualización del capital será por el Índice de Precios al Consumidor (IPC) más una tasa pura del 3% anual. Esto busca reducir drásticamente el costo final de los juicios, haciéndolos más previsibles y menos onerosos para las empresas.  
  
Flexibilización de la Jornada y las Vacaciones (Arts. 154 y 197 bis): Permite al empleador otorgar vacaciones en cualquier momento del año y fraccionarlas. Además, habilita la creación de ""bancos de horas"" y otras modalidades de jornada a través de convenios colectivos, dando a las empresas mayor flexibilidad operativa.  
  
Incentivos a la Contratación Formal: Se proponen bonos de crédito fiscal para las empresas (especialmente PyMEs) que incrementen su nómina de trabajadores registrados, buscando reducir el costo de la formalización.

Esto es todo PRO-EMPLEADOR, ponemos en tela de juicio si afecta negativamente a los empleados claramente, porque si como empleado tenes que negociar tu sueldo y no lo hace el sindicato, ¿como sabes que no te estan cagando? hay una asimetría de la informacion...

Acá entra el problema entonces, la promesa central de la reforma es la creación de empleo. Sin embargo, un escenario de pleno empleo no es sinónimo de una sociedad próspera. La calidad de vida del trabajador puede verse erosionada por otros factores que el proyecto inicial no solo no resuelve, sino que podría agravar:

* La Ansiedad de la Precariedad: El abaratamiento del despido y la habilitación de la negociación individual, si bien pueden dinamizar el mercado, generan una sensación de inseguridad existencial. El trabajador puede sentir que es un recurso fácilmente descartable, lo que inhibe la planificación a largo plazo (acceso a crédito, formación de una familia) y fomenta una cultura de ""burnout"" por el miedo constante a ser reemplazado.
* La Devaluación del Futuro: El mecanismo de ""beneficios no remunerativos"" crea una peligrosa ilusión. Se mejora el ingreso disponible mensual a costa de desfinanciar el futuro. Cada cuota de gimnasio o pago de internet es un ladrillo que se quita del muro de la futura jubilación y de la red de seguridad del aguinaldo. Esto genera una paradoja emocional: un alivio presente a cambio de una profunda ansiedad por el porvenir.
* La Erosión de la Dignidad Laboral: La pérdida de poder de la negociación colectiva y el aumento de la asimetría en la relación diaria pueden llevar a una degradación de las condiciones no monetarias del trabajo: la capacidad de poner límites, el respeto por el tiempo personal y la protección contra la arbitrariedad.

Estos factores, combinados, pueden configurar un escenario de ""plena ocupación miserable"": una sociedad que trabaja mucho, pero vive con estrés, sin previsibilidad y con una sensación de estancamiento vital.

Y acá es donde creo hay que debatir, ver otros modelos exitosos y como aplicarlos acá, tanto como sociedad, como el congreso (viven en una nube de pedos así que no me mueve un pelo)

La comparación con el modelo de ""empleo a voluntad"" de EE.UU. es engañosa, ya que ignora el ecosistema de crédito y capitalización que lo sostiene. Modelos más exitosos y aplicables al contexto argentino son los de los países nórdicos, especialmente Dinamarca, que perfeccionaron el concepto de ""Flexiseguridad"". Este modelo se basa en un ""Triángulo de Oro"" que equilibra las necesidades de empresas y trabajadores:

1. Alta Flexibilidad para el Empleador (Componente Pro-Mercado): Las empresas danesas tienen una de las regulaciones de protección del empleo más laxas de Europa. Pueden contratar y despedir personal con relativa facilidad y bajos costos, permitiéndoles adaptarse rápidamente a los cambios del mercado. (Esto es lo que busca la reforma argentina).
2. Alta Seguridad de Ingresos para el Trabajador (Componente de Red de Seguridad): Aquí radica la diferencia fundamental. Dinamarca posee un sistema de seguro de desempleo extremadamente generoso, que puede llegar a cubrir hasta el 90% del salario anterior por un período de hasta dos años. Esto elimina el miedo a la transición laboral.
3. Políticas Activas de Empleo (Componente de Movilidad Ascendente): El Estado invierte masivamente en la recapacitación y reinserción laboral. El acceso al seguro de desempleo está condicionado a la participación activa en programas de formación para adquirir las habilidades que el mercado demanda. El despido no es una tragedia, sino una transición gestionada hacia un nuevo y, potencialmente, mejor empleo.

Otros países como Austria complementan esto con el sistema de ""Mochila Austríaca"", un fondo de capitalización individual que elimina el concepto de indemnización por despido y lo convierte en un activo portable del trabajador, promoviendo la seguridad y la movilidad.

Ahora este es mi mayor aporte:

Para que la nueva legislación sea un verdadero avance y no un retroceso en los derechos sociales, los ciudadanos y trabajadores deben estar atentos a la inclusión de los siguientes elementos en la redacción final:

1. Equilibrio en la Flexibilidad: Aceptar la modernización de las modalidades de contratación, pero limitando el componente no remunerativo a un porcentaje razonable del ingreso total para proteger el futuro del trabajador.
2. Creación de Nuevas Seguridades: Implementar un Fondo de Cese Laboral (""Mochila Argentina"") que reemplace la litigiosidad por un ahorro tangible y portable.
3. Una Red de Seguridad Robusta: Reformar y fortalecer sustancialmente el seguro de desempleo, vinculándolo a políticas activas de recapacitación.
4. Una Visión Previsional Sostenible: Acompañar la reforma con un nuevo sistema previsional que incluya un pilar de capitalización individual, convirtiendo a los trabajadores en propietarios de su jubilación y dinamizando el mercado de capitales local.

Si el texto final de las reformas refleja estos principios, Argentina no estará simplemente copiando un modelo extranjero, sino creando una síntesis inteligente y constitucionalmente sólida: una ""Flexiseguridad a la Argentina"", capaz de generar un crecimiento económico que sea, a la vez, socialmente inclusivo y humanamente sostenible.

Estamos frente a un cambio de paradigma muy complejo y difícil de digerir, si se da una ley que cambie 100% el modelo actual, debemos acoplarnos como tal o morir en el intento (y generar una crisis social itempestiva, vamos volar argentina por los aires)

El modelo laboral argentino de las últimas décadas, aunque diseñado para proteger, derivó en una simbiosis disfuncional:

* Para el Trabajador: La ley ofrecía una fuerte seguridad contra el despido. Sin embargo, en un mercado con bajísima creación de empleo (""afuera está difícil""), esta seguridad se convirtió en una ""jaula de oro"". El empleado aguantaba un mal clima laboral, el estancamiento profesional o incluso el maltrato (""ninguneo""), porque el costo de renunciar o ser despedido era el riesgo del desempleo prolongado. La ley aseguraba el puesto, pero no la dignidad ni el crecimiento en él.
* Para el Empleador: La dificultad para desvincular a un empleado generaba dos respuestas. Los ""buenos"" empleadores se veían atados a personal no productivo, perdiendo competitividad. Los ""malos"" empleadores, sabiéndose en una posición de poder por la falta de alternativas del trabajador, podían ejercer un control abusivo. La baja rotación no era un signo de lealtad, sino de falta de opciones, y esta dinámica era explotada.

El resultado era un equilibrio de baja confianza y bajo rendimiento, sostenido por la rigidez de la ley y el miedo del mercado.

La nueva legislación, al flexibilizar las barreras de entrada y salida, actúa como un disolvente del viejo paradigma. La estabilidad ya no es un derecho garantizado por la ley, sino un resultado ganado en el mercado. Esto obliga a cada actor a una estrategia de auto-preservación basada en su reputación.

a) La Nueva Realidad del Empleador

En un mercado líquido donde los trabajadores talentosos pueden moverse con facilidad, el poder se reequilibra. El empleador que quiera prosperar debe abandonar el rol de ""controlador"" y adoptar el de ""atractor de talento"".

* Qué Esperar: El principal activo de una empresa ya no será su maquinaria, sino su ""Marca Empleadora"". El costo de una mala reputación (maltrato, falta de desarrollo, cultura tóxica) se vuelve prohibitivo. No se manifestará en un juicio laboral, sino en algo mucho peor: la incapacidad de contratar y retener a las personas necesarias para competir.
* Señales de Alerta para Empleadores:
   1. Aumento en la Tasa de Rotación Voluntaria (Renuncias): Si los empleados empiezan a irse por su cuenta, es la señal más clara de que la propuesta de valor de la empresa es deficiente.
   2. Dificultad para Cubrir Vacantes Clave: Si los procesos de selección se alargan y las mejores candidaturas rechazan las ofertas, el mercado está ""castigando"" la reputación de la empresa.
   3. Comentarios Negativos en Plataformas Públicas (Glassdoor, etc.): La ""voz"" del empleado descontento ahora tiene un megáfono global.
* Estrategia de Auto-preservación: Invertir en cultura. Ofrecer desarrollo profesional, flexibilidad real y un propósito claro. El mejor seguro contra la fuga de talento no es un contrato, es un gran lugar para trabajar.

b) La Nueva Realidad del Trabajador

La seguridad ya no reside en el puesto, sino en la propia empleabilidad. El trabajador debe pasar de ser un ""ocupante de un cargo"" a ser el CEO de su propia carrera.

* Qué Esperar (Cambio de Paradigma): El valor de un trabajador ya no se medirá por su antigüedad, sino por su relevancia. La pregunta clave del mercado será: ""¿Qué problemas puedes resolver hoy?"". Esto exige una mentalidad de actualización constante.
* Señales de Alerta para Trabajadores:
   1. Estancamiento de Habilidades: Si en los últimos 12-18 meses no se ha aprendido ninguna habilidad nueva, certificable y demandada por el mercado, se está perdiendo relevancia y aumentando el riesgo personal.
   2. Dependencia de un Único Empleador: Si toda la red profesional y la experiencia relevante están concentradas en una sola empresa, el riesgo ante una desvinculación es altísimo.
   3. Huella Digital Inexistente o Negativa: No tener un perfil profesional actualizado o tener una presencia online que no refleje las capacidades es como ser invisible en el nuevo mercado.
* Estrategia de Auto-preservación: Construir una marca personal. Documentar logros, mantener una red de contactos activa, buscar constantemente oportunidades de aprendizaje y, sobre todo, entender que la seguridad laboral es una consecuencia directa del valor que uno puede aportar al mercado en general, no solo a un empleador en particular.

c) La Nueva Realidad del Inversionista

* Qué Esperar (Cambio de Paradigma): El análisis de una inversión ya no podrá limitarse a los balances. Será crucial evaluar la capacidad de una empresa para gestionar su capital humano en este nuevo paradigma. Una empresa con un producto innovador pero una cultura laboral del siglo XX es una inversión de alto riesgo.
* Señal de Alerta para Inversionistas: Invertir en compañías con altas tasas de litigiosidad por maltrato o con pésimas reseñas como empleadores. Estas empresas enfrentan un riesgo reputacional que puede destruir valor para el accionista de la noche a la mañana.
* Estrategia de Auto-preservación: Priorizar la inversión en empresas que demuestren ser ""imanes de talento"". Estas son las organizaciones que no solo sobrevivirán, sino que prosperarán, ya que atraerán a las personas más productivas e innovadoras del mercado.

Este cambio de paradigma representa una maduración forzosa del mercado laboral argentino. Se pasa de un sistema infantilizado, basado en reglas rígidas y protecciones externas, a un sistema adulto, basado en la responsabilidad, la reputación y la auto-preservación. La transición será incómoda y exigente para todos, pero su promesa es la de un mercado más transparente, meritocrático y, en última instancia, más digno, donde la estabilidad no se impone por ley, sino que se gana a través del respeto y el valor mutuo.

Espero disfruten el post y espero comentarios, debate, analisis, aportes, insultos, lo que quieran, tratemos de no ser simios de ningun tipo y especie y por una vez mas allá del mundial, seamos argentinos proponiendo un camino lógico para todos donde reine la prosperidad y el aumento de nuestra población.",actitud/opinion
argentina,1ol1m2e,2025-10-31T17:59:25+00:00,Pitiful-Ad5742,0,57,Serio 💭,https://reddit.com/r/argentina/comments/1ol1m2e/soy_veganovegetariano_hace_10_años_y_temo_comer/,Soy vegano-vegetariano hace 10 años y temo comer carne en cualquier momento(hace 12 años no pruebo carne de ningun tipo),"Hola a todos y todas. Quería conocer su opinión al respecto (no sé si este es el sub adecuado).  
Tengo 32 años y llevo aproximadamente 10 años siendo vegano, además de 2 años de vegetarianismo al inicio. Antes de ser vegetariano era muy fan del asado: me fascinaban su sabor y su olor.  
Sin embargo, comencé a interiorizarme en el tema del origen de la carne, el pollo y otros productos animales, especialmente después de ver un video donde mostraban cómo mataban a una vaca (con sufrimiento, en la mayoría de los casos). Desde ese momento dejé de consumir carne.

Luego de ese suceso me convertí en ovolactovegetariano (consumía huevos y lácteos en mi dieta diaria) durante unos dos años, para luego dar un paso más y volverme vegano (dejé de consumir huevos y lácteos).  
Después de 12 años con una dieta completamente vegetal, últimamente me han surgido ganas de volver a comer carne.

De hecho, en las últimas semanas he consumido algunos alimentos que contienen lácteos entre sus ingredientes (en proporciones pequeñas), por lo que actualmente podría decir que soy vegetariano.

Estas ganas de comer carne surgieron principalmente por mi trabajo. Como sabrán, trabajo como repartidor en PedidosYa en CABA, usando bicicleta. He retirado miles de pedidos que incluyen carne (parrillas, hamburguesas, pizzas, etc.), y ese aroma del asado llega inevitablemente a mi nariz. Debo admitir que, aun siendo vegano, el olor a asado me resulta cautivante.  
En la mayoría de los pedidos que entrego, ese aroma está presente, y mi olfato lo disfruta.

**Conclusión:**  
He mantenido el veganismo por razones de ética animal, pero siento que cada vez me cuesta más resistir. Aun después de todas las entregas que hago, me controlo, pero no sé cuánto tiempo más podré hacerlo. Lo más probable es que mis jornadas laborales, muchas veces sin comer ni tomar agua, sean el detonante de esa ansiedad o deseo de comer asado.

Quisiera conocer su opinión. No me voy a enojar.",consulta
argentina,1okgh06,2025-10-31T00:28:27+00:00,NadiaFortuneFeet,269,25,Política 🏛️,https://reddit.com/r/argentina/comments/1okgh06/yo_cada_segundo_del_día_mientras_todavía_no_está/,Yo cada segundo del día mientras todavía no está definido si Lousteau está adentro o afuera de diputados.,"La concha de la lora, por favor que terminen el conteo mañana. Necesito sacarme esta ansiedad del orto.",otro
Colombia,1ok2lzz,2025-10-30T15:22:00+00:00,Mah_Private,2,5,Ask Colombia,https://reddit.com/r/Colombia/comments/1ok2lzz/quiero_ser_voluntario/,Quiero ser Voluntario.,"Hola, mi nombre es María, soy estudiante de psicología! Me gustaría saber cómo va el panorama del Activismo Social en Colombia, ¿podrían indicarme ONG, personas que trabajan por causas que existen?",otro
PsicologiaES,1ojqlzz,2025-10-30T04:39:00+00:00,Significant_Egg3206,7,3,Debate y reflexión,https://reddit.com/r/PsicologiaES/comments/1ojqlzz/no_se_que_hacer/,No se que hacer,"Todo empezó hace un año.  
Conocí a la chica más encantadora y bella del mundo. Después de seis meses, comenzamos a hablar: todos los días, a toda hora. Mensajes de “buenos días”, “¿cómo estás?”, “¿ya almorzaste?”, etc. Era mi primer *daily chat* en mis 17 años de vida, y me encantaba voltear a ver mi celular y ver una notificación suya.

Cada vez que la veía, le llevaba flores.  
¿Terminó su semana de exámenes? Le llevaba flores.  
¿Me nacía darle un detalle? También lo hacía.  
Siempre había una razón para hacerlo… pero la más importante era simplemente verla sonreír cuando se las daba.

La mejor noche de mi vida fue cuando la invité a unos XV años. Pasamos toda la noche juntos, muy cerca. Incluso, en el Uber de regreso a su casa, se quedó dormida sobre mi pecho, abrazándome. En ese momento no tenía ninguna preocupación… simplemente estaba *bien*.

Ella también era muy detallista.  
Un día le conté cuál era mi álbum de música favorito, y al día siguiente me escribió diciéndome que lo había escuchado todo: su canción favorita, su verso favorito, todo. Pero, a pesar de todo eso tan bonito, algo dentro de mí no estaba bien. No era por ella, era por mí.

Yo sobrepensaba mucho.  
Ella era, es y será la chica más hermosa que he visto. Cada vez que no me respondía, mi mente empezaba con ideas como:  
“¿Y si ya se aburrió de mí?”,  
“¿Y si está hablando con otro chico?”,  
“¿Y si ya no me aguanta?”.  
Aun sabiendo que estaba ocupada ayudando en su casa o con su familia, mi cabeza me jugaba en contra. Si no me contestaba en cierto tiempo, me ponía nervioso.

Ella empezó a notarlo y me lanzaba indirectas, haciéndome entender que tenía un problema de desconfianza. Yo siempre decía que con el tiempo se me pasaría… pero no era así. Cuando me sentía mal, recurría a la peor opción: el alcohol. Me hacía relajar, me calmaba la ansiedad… hasta que un día todo se juntó: el alcohol, el sobrepensamiento, la desconfianza, todo.

Ese día, mientras bebía, ella me escribió para que subiera a su casa (vivimos a cinco minutos a pie). Y, siendo un idiota, subí tomado.  
Me recibió con unos regalos hermosos: una flor de lana, un tocadiscos hecho a mano con cartón de mi álbum favorito y un cuadro con mi coche soñado. Era el momento perfecto, algo que siempre había querido vivir… y lo arruiné oliendo a alcohol, sabiendo que ella lo odiaba.

Después de eso, me di cuenta de que me había vuelto muy dependiente de ella, y eso no era sano, ni para mí ni para ella. Dos días después, subí a su casa y le conté todo. Antes de hacerlo, hablé con mis amigos y todos me dijeron que aplicara “contacto cero”. Yo pensé que era la única solución, así que se lo propuse.

Ella se notó afectada… y esa noche fue el último abrazo que le di.

No hablamos hace 25 días. Desde ese día dejé el alcohol por completo y empecé a ir al psicólogo para trabajar mis problemas de desconfianza y sobrepensamiento. Estoy mejorando, por mí… y también por ella.

Mi miedo ahora es que conozca a alguien mejor.  
Tengo fe en que algún día nos volveremos a encontrar, y podré decirle todo lo que he cambiado. Pero si en ese futuro ella conoce a otro chico —más guapo, más maduro—, siento que volvería a caer… y peor que antes.

Solo quiero que sepa que ya dejé el alcohol, que estoy yendo al psicólogo, que estoy luchando cada día.  
A veces me imagino qué habría pasado si ese día, en vez de proponerle el contacto cero, le hubiera dicho que la quería y que cambiaría por ella. Tal vez hoy estaría cambiando… pero con ella a mi lado.

Es difícil no tener a nadie a quien contarle mis problemas, no tener mi lugar seguro, no volver a escuchar su característico sonido de notificación. Todo me recuerda a ella.

Su primo, que es mi única conexión con ella, me dijo:

“Yo creo que la asustaste un poco”.

Y lo entiendo. ¿Qué mujer querría a su lado a un chico que sobrepiensa todo, es celoso y encima alcohólico?

Solo quiero, algún día, encontrarla por la calle, saludarla y contarle todo lo que he cambiado. Que sepa que deseo que vuelva a mi vida.

Ella no usa Reddit, y por eso escribo esto aquí, para desahogarme.  
No sé qué hacer: ¿buscarla?, ¿esperar a que el tiempo nos vuelva a unir?

Y si acaso llega a leer esto…

**Yanina**, estoy cambiando.  
Por ti y por mí, cada que se me da la oportunidad de tomar yo digo en mi mente ""No tires tu progreso a la basura, estas mejorando, por ti y por ella""

Todos me dicen que te olvide y busque a otra mujer,  
pero la única niña de mis ojos siempre serás tú.  
Tú, y nadie más. ❤️",consulta
PsicologiaES,1ojfnlg,2025-10-29T20:28:16+00:00,Ok-Satisfaction9490,30,38,Debate y reflexión,https://reddit.com/r/PsicologiaES/comments/1ojfnlg/estoy_demasiado_deprimida/,Estoy demasiado deprimida,"Tengo 25 años. Hago terapia desde los 22 y un poco después empecé con psiquiatra y medicación. Hace un mes me mudé de ciudad por trabajo, y además por cuestiones económicas tuve que abandonar el tratamiento, tanto de psiquiatra como psicóloga. 
Hace muchos años me siento permanentemente triste (incluso cuando tomaba la medicación), no tengo energías para nada, me paso el día mirando la pantalla del celular y duermo todo lo que me es posible, siento que cuanto menos tiempo pase despierta más fácil me va a resultar el día. Tengo un trabajo que odio, 8 hs 6 días a la semana. Siento que no me queda tiempo para nada, mi casa es un desastre, ni hablar de hacer algún Hobbie o actividad que me genere placer. También estoy totalmente perdida en la vida y no sé que hacer con mi futuro. Realmente siento que no soy capaz de disfrutar la vida y a la vez no puedo morirme, y eso hace que me sienta acorralada, sin escapatoria. Ya sé que necesito retomar psiq pero hasta que pueda hacerlo me siento muerta en vida",consulta
PsicologiaES,1oje9hk,2025-10-29T19:35:30+00:00,Hyyoru,5,6,Divulgación,https://reddit.com/r/PsicologiaES/comments/1oje9hk/resultados_de_test/,Resultados de test,"Hola, hace poco una amiga me pidió responder las preguntas del test de mmpi, ya que ella es estudiante de psicología, sin embargo, cuando le pregunté por mis resultados no me dió una respuesta ya que su profesor no les había puesto esa actividad aún, y me quedé con la duda, ¿Habrá alguien que pueda decirme mis resultados? 
P.d: una disculpa por la calidad en la imagen 🥲",otro
PsicologiaES,1oitrmc,2025-10-29T03:07:13+00:00,User_ghosst,7,19,Debate y reflexión,https://reddit.com/r/PsicologiaES/comments/1oitrmc/hay_algún_psicólogo_o_psiquiatra_que_me_pueda/,¿Hay algún psicólogo o psiquiatra que me pueda decir cómo es que se diagnostica TDAH?,"Bueno, como lo dije. Quisiera saber si hay alguien profesional que me diga cómo lo diagnostican (creo que también neurólogos pueden ayudar a diagnosticarlo), o incluso alguien a quien le hayan diagnóstico TDAH que me cuente cómo fue y todo eso. Quisiera poder hacerme la prueba y saber si tengo algo como TDAH, TDA o algo, o si solo simplemente soy yo.",consulta
uruguay,1oi866c,2025-10-28T12:36:07+00:00,Party_Classic_6794,12,29,Recomendaciones y consejos 💬,https://reddit.com/r/uruguay/comments/1oi866c/autismo_relaciones_sociales_y_diagnostico_tardío/,"Autismo, Relaciones sociales y Diagnostico tardío","Hola buenas, me presento un poco, soy un hombre autista tdah de 25 años diagnosticado este mismo año (aunque el tdah fue a los 10 años). Pase toda mi vida sintiéndome como un ser extraño a pesar de poder integrarme relativamente en unos grupos de neurotípicos sin tener la mas mínima ideo de como socializar ""correctamente"". 

Ahora que tengo un diagnostico y se lo que esta pasando, quiero conocer gente de mi tipo y quería saber si alguien acá esta interesado en charlar o si conoce un lugar donde se hagan reunión de gente de mi tipo ya se tdah o autista (o cualquiera que este un poco abierto de mente la verdad jaja). Cualquier cosa escríbanme por privado.",consulta
PsicologiaES,1ohqtg4,2025-10-27T21:16:27+00:00,sadfox333,8,7,,https://reddit.com/r/PsicologiaES/comments/1ohqtg4/la_perversidad_en_el_internet_de_esta_época_y_los/,La perversidad en el internet de esta época y los traumas que puede causar,"Quiero desahogarme sobre algo que en serio me tiene mal y me ha llevado a tener fuertes pensamientos intrusivos por los miedos que esto me ha causado. 

Por qué razón se ha normalizado TANTO en el internet el abuso sexval a perritos y a niñ0s???? Es algo que en mi mente no puedo terminar de comprender, el internet siempre ha tenido sus lados oscuros pero ahora siento que es más común encontrarse con vídeos turbios en cualquier app que antes. 
Justo hoy estaba viendo vídeos aquí en Reddit y me apareció uno que decía como ""hombre m4stur/// perro"" y dios que puto asco, obviamente me salí enseguida pero quedé muy asqueada. Tambien en TikTok me apareció otro vídeo que inmediatamente reporté pero en serio no entiendo por qué esto ahora es tan común en apps que se supone deben ser normales? Una amiga también me comentó que en un app que se usa en mi país para ver promociones de lugares para visitar y eventos tenía un vídeo turbio de unos niñ0s. Una bendita app que se supone que tiene promos de restaurantes y lugares para visitar con amigos tenía un vídeo de esos o sea en que cabeza cabe??? 
No sé a dónde va a parar este mundo honestamente, no entiendo porque no hay más filtros en internet. 
Este tipo de contenido me han causado ansiedad y pensamientos intrusivos que hacen que ahora no confíe en hombres o me hacen hiper vigilante cuando hay alguien cerca de algún perrito o niño, como que inconscientemente busco patrones para estar segura de que esa persona no es un abusador y me cansa bastante mentalmente. 
Aunque me siento afortunada de vivir en una era donde hay muchísima información globalizada y se que internet es una excelente herramienta, también pienso que ese tipo de material se ha vuelto de fácil alcance y me da bastante asco saber que no solo hay gente capaz de hacer esas cosas sino personas que les gusta verlo, y ahora ya no tienen que buscarlo, solo les aparece. 
Me parece indignante y preocupante",consulta
PsicologiaES,1oh0pjk,2025-10-27T00:35:54+00:00,Dabichos,118,1,Divulgación,https://reddit.com/r/PsicologiaES/comments/1oh0pjk/sobre_el_psicomarketing/,Sobre el psicomarketing,"Un video con una buena dosis de reflexión sobre el uso negativo de los conceptos psicológicos a través de mensajes excesivamente marketiados. 

Hay una frase que me gusta mucho para explicar el boom de estos contenidos: ""El depende no vende"" y es que la psicología seria y responsable tiene muchos dependes, cosa que no es atractiva en tiempos de hipe-rcomercializacion.

Para reflexionar y debatir.",otro
PsicologiaES,1ogcnor,2025-10-26T05:34:48+00:00,Tight-Lawyer2000,3,4,,https://reddit.com/r/PsicologiaES/comments/1ogcnor/pensamientos/,Pensamientos,"Buenas noches. Espero no incomodar a nadie; solo busco un espacio para desahogarme.
Últimamente he estado pasando por momentos muy difíciles. Siento una gran carga emocional y ganas de desaparecer. He enfrentado acoso académico y también me he sentido incómoda en mi trabajo.

Ya acudí con las autoridades correspondientes, pero siento que no me han brindado la ayuda necesaria. No he podido dormir bien; tengo temblores en los ojos, dolores de cabeza, mucho estrés y cambios bruscos de ánimo. A veces me pongo violenta sin entender por qué.

Lo que más me asusta es que, cuando tengo un objeto filoso o un cuchillo cerca, me da miedo hacerme daño o lastimar a alguien sin querer. Estos pensamientos se están volviendo más intensos, y temo perder el control.

Mis manos tiemblan, tengo ansiedad, cansancio extremo y me cuesta concentrarme. No quiero que me juzguen, solo necesito hablar con alguien y sentir que no estoy sola.",consulta
PsicologiaES,1og0tkl,2025-10-25T19:48:33+00:00,CARLOSM727,0,2,Divulgación,https://reddit.com/r/PsicologiaES/comments/1og0tkl/me_podrían_ayudar_con_un_trabajo_por_favor/,Me podrían ayudar con un trabajo por favor?,"Por favor si me pudieran ayudar con una reacción se los agradecería bastante, es para un trabajo que tengo sobre los mitos y realidades de la psicología, me ayudaría bastante también si ponen una opinión en lo que pudiera mejora con esta divulgación, me ayudarían mucho si también lo comparten por favor.
https://www.facebook.com/share/p/1K8w6ZRLHG/",otro
PsicologiaES,1of9fqc,2025-10-24T21:05:38+00:00,carlosgarolera,5,1,,https://reddit.com/r/PsicologiaES/comments/1of9fqc/ataque_ansiedad/,Ataque ansiedad,"Sensación de hormigueo en manos y lengua, mareo, dificultad para respirar son síntomas de un ataque de ansiedad? Me pasa y si no es ataque de ansiedad no sé que puede ser.",otro
PsicologiaES,1of3pq1,2025-10-24T17:20:23+00:00,Slaughter_knight-16,1,3,Debate y reflexión,https://reddit.com/r/PsicologiaES/comments/1of3pq1/situación_común_o_problema/,Situación común o problema?,"Bueno, antes que nada, si lees esto de antemano, muchas gracias por leer y responder. Verán, hace 5 años, tuve problemas en cuanto a tristeza, una tristeza muy profunda, perdiendo la motivación en muchas cosas que me hacían feliz, entre ellas el fútbol, (hago énfasis en el fútbol porque es importante para mi desde siempre), llegando así con una psicóloga que gracias a ella me recuperé y recobre parte de mi felicidad, tanto como mi forma de vivir. 

Ahora tengo una duda y cierta incertidumbre sobre algo que me pasa desde hace unos 2 o 3 años más o menos, después de todo lo que pasó, desde ese entonces me sentí super bien pero en mi mente muchas de las cosas que viví y vivo se sienten como un sueño, como si yo fuera parte de una ""película"", sintiendo que yo yo no soy yo, y parte de eso hace que no sienta muy bien o nada de muchas emociones a pesar de que la paso bien actualmente y después de las terapias. Pocas veces conecto con cosas cotidianas como el hablar o caminar, incluso ver que hay en la calle o a donde sea que vaya, ahora conecto con lo de fútbol ya que es de las pocas veces en las que me alegro y siento que estoy vivo, no diga que no tenga sentimientos o sensaciones, sino que me cuesta procesar qué esta pasando, si bien no siempre me siento como en un sueño, es la mayoría de las semanas, quizá de 3 o 2 veces en la semana, y los días que me siento ""más vivo"" disfruto mi día, siento que parte de la culpa de que me sienta así es la monotonía de mis actividades, he ido al gimnasio y trato de variar muchas cosas en mi día a día, en el trabajo entre otras cosas, ya no es tan seguido lo que me sucede como antes, era más frecuente, digamos de 5 veces a la semana, pero pues últimamente como recalco no he sufrido tanto eso, y ha afectado mis recuerdos ya que no siempre recuerdo bien algo importante o algún viaje, o algo que me haya hecho bien o mal, se sienten borrosos, a veces olvido cosas tan simples y otras veces no, por eso he considerado ir nuevamente con un psicólogo. 

Y hoy acá, pido ayuda, opiniones, consejos sobre esto, según vi en Google, es la despersonalización, se que no es un diagnóstico, pero vine a preguntar esto si es algo común que puede pasar o no, cualquier cosa que deseas aportar, te lo agradecería",consulta
PsicologiaES,1oenw2k,2025-10-24T03:55:45+00:00,DangerousAmount8393,1,6,Debate y reflexión,https://reddit.com/r/PsicologiaES/comments/1oenw2k/alguien_más_sufre_de_discernimiento_y_lucidez/,¿Alguien más sufre de discernimiento y lucidez?,"Que tal escribo esto para saber si hay alguien posea estos doneso o MALDICIÓN depende de cómo lo veas, bueno ¿como lo han manejado? Tal vez por eso me gusta mucho los temas de Psicología, Filosofía, teología, espiritualidad y que decir del EXISTENCIALISMO me encanta mucho cuestionar todo, Tal vez por eso decidí estudiar psicología... se me hace relativamente fácil no en todos los casos saber cuando alguien oculta algo, le pasa algo y lo reprimen.

Maldición: bueno cada vez me resulta más difícil conectar con las personas, veo las máscaras y como hablan con sus cuerpos , microgestos y es muy jodido saben, también prefiero el aislamiento antes que la exposición a la sociedad, a veces las cosas que digo se la toman como ofensas cuando solo digo la verdad, hay veces que sueles ser tan discernible que aveces se abren muchas más posibilidades en tu mente que me es imposible tomar una decisión, la confianza se quebra fácilmente y para rearmarla toma su tiempo, lo superficial te drena de golpe soy más propenso a buscar vinculos reales, te toman de perfeccionista y mamador y la mejor de las soluciones es callarte y escuchar cuando estás en público o con ""amigos""

Don: puedo sentir empatía y compasión mucho  más fácil por las personas que sufren, entiendes por qué hacen algunas cosas las personas y te decepcionas o Respetas su proceso osea no lo criminalizas tanto, cuestionas todo tipo de conocimiento o doctrina y llegas a tus conclusiones, al ser discernible y lucido puedo adaptarme (si lo deseo) a las personas jugando con una máscara también aunque no es lo mejor y después de esa interacción o de ese rato  con personas que no conoces te sientes vacío cuando llegas a casa.. que no eres tú, soy más propenso a decifrar el 70% o el 80% de lo que me sucede  con mis emociones o una situación que abrume ya sea mi existencia o me sumerja a la depresión aunque si es cierto que en terapia se destapan otras cositas más no puedo ver al 100% lo que me pasa.

¿Alguien de aquí es igual?
¿Cómo trabajan la confianza?
¿Han encontrado una pareja o amigo que los entienda?

Me siento solo a veces por eso que me sucede
:/ a veces siento que estoy loco o me perciben como el bicho raro, o loco.",consulta
PsicologiaES,1oega77,2025-10-23T21:50:06+00:00,Successful-Whole-387,2,4,Debate y reflexión,https://reddit.com/r/PsicologiaES/comments/1oega77/es_una_red_flag_que_el_psicólogo_diga_que_no_es/,¿Es una red flag que el psicólogo diga que no es muy válido que me quiera alejar de mi hermano quien acabo con mi confianza varias veces al no dejarme dormir y diciendo de que hay hermanos que se han m4atado por cosas más grandes o hasta más pequeñas que eso?,"Me refiero, le he dicho más cosas que han pasado, pero... A veces siento que no entiende por qué me afecta tanto o hasta porque estoy tomando las decisiones que YO siento que me ayudan a estar mejor... Siento que considera que hago mucho drama por estas cosas... A veces hasta siento que no me cree...

Últimamente también me siento muy mal después de cada visita al psicólogo. No sé si le dije todo lo que quería decir, si o comunique bien, si la información sirvió de algo, si el problema soy yo o si el problema es mi familia como dice el psicólogo.

Apenas empezamos terapia familiar, pero otra vez, siento que no me cree y piensa que estoy haciendo mucho drama por esto. Han pasado varias situaciones, pero son tan pasivo agresivas y calculadas que siento que mi hermano está manipulando la situación. Hoy tuve muchos nervios, ya sabía lo que mi hermano iba a decir y yo no pude decir todas las situaciones que tenía en mente... Y el psicólogo no está ayudando mucho tampoco.

¿Estoy haciendo mucho drama? ¿O tengo mucha paranoia?
¿Debería pedir un cambio de psicólogo?

A veces me pregunto si debería pedir eso, pero no sé si es posible hacer terapia familiar mientras hablo con un psicólogo diferente...

No se, si alguien sabe de estas cosas que me pueda aconsejar...",consulta
PsicologiaES,1oecn4x,2025-10-23T19:27:21+00:00,JFerzt,23,15,Debate y reflexión,https://reddit.com/r/PsicologiaES/comments/1oecn4x/por_qué_seguimos_vendiendo_psicología_como/,¿Por qué seguimos vendiendo Psicología como carrera viable cuando sabemos que es un callejón sin salida?,"Llevamos años escuchando la misma historia. Miles de estudiantes entran cada año a Psicología con ilusiones de ayudar a la gente, cambiar vidas, todo muy bonito... y luego se estrellan contra la realidad: paro alto, sueldos de risa, y un sistema que te exige máster tras máster pero no te da ni una mísera oportunidad de practicar.

Cuatro años de grado donde aprendes *muuuucha* teoría pero casi cero práctica real. Luego te piden experiencia para trabajar, pero nadie te da trabajo para conseguir experiencia. Es el pez que se muerde la cola, pero en versión española y con más frustración.

Y lo mejor de todo: Europa triplica nuestra ratio de psicólogos clínicos, hay casi 4.000 suicidios al año, un tercio de la población con problemas de salud mental post-pandemia... pero las plazas PIR siguen siendo una lotería donde entra uno de cada 30. Porque claro, el problema no es que falten profesionales - el problema es que no hay plazas para ejercer.

¿Alguien más harto de esta paradoja absurda? ¿O soy solo yo viendo el elefante en la habitación mientras las universidades siguen sacando promociones como si nada?",otro
PsicologiaES,1oe4w3q,2025-10-23T14:33:57+00:00,GreatExplotionMGD,1,0,Formación profesional,https://reddit.com/r/PsicologiaES/comments/1oe4w3q/maestría_en_psicoterapia_en_línea_que_recomienden/,¿Maestría en psicoterapia en línea que recomienden?,"Hola redditores
Ha sido un año ya en el que he estado buscando una maestría en la que pueda aprender lo que necesito para dar una buena y profesional atención, sobre todo porque lo que aprendí en mi carrera no me satisfizo y no me siento preparada. Sin embargo, para poder pagarla, necesito que sea en línea porque requiero trabajar. 
He estado buscando y me he encontrado con el que: El perfil de egreso no me prepara para dar terapia, son de educativa o se ven... Raras.

Estoy considerando UNIR (terapias de tercera generación), pero he escuchado muchas malas críticas sobretodo al aprender y titularse, varias veces he leído que es ""tirar tu dinero a la basura a menos que quieras el papelito""

También consideré el ""Centro de psicoterapia cognitiva"" (https://cpc.mrooms.net/) pero no encontré mucho al respecto 

¿Qué piensan de UNIR? ¿Qué maestría recomiendan? ¿Sería mejor un diplomado? 🙏

Apreciaría mucho su respuestas elaboradas",consulta
PsicologiaES,1odkno0,2025-10-22T21:10:21+00:00,OjalaQueLluevaSiempr,1,1,Debate y reflexión,https://reddit.com/r/PsicologiaES/comments/1odkno0/puedo_tener_ansiedad_o_un_tept_por_las_olas_de/,¿Puedo tener ansiedad o un TEPT por las olas de calor?,"Hola a todos. 

No se si lo que me está pasando es normal o tengo un problema. 

 Este verano para mí ha sido el peor de mi vida. Por culpa de las olas de calor, he sufrido estrés térmico, llegando a no poder hacer absolutamente nada, tumbada en la cama todo el día y la noche. Iba y venía de trabajar y el resto del tiempo en la cama. He llegado a perder 5 kilos en pleno agosto. Mi cuerpo y mi mente no respondían con normalidad. Solo deseaba que pasarán los días hasta que bajaran las temperaturas. Vivía mirando distintas app del tiempo, rezando para que no volviera a hacer ese calor.

Tras ello, sigo con miedo. No permito cerrar las ventanas totalmente, necesito que corra aire y que haga fresco en casa. Sigo mirando todos los días las app del tiempo, y me empiezo a agobiar si veo que suben las temperaturas. No dejo de pensar en cómo será el próximo verano.

¿Debería acudir a un profesional de la psicología? 

Muchas gracias.",actitud/opinion
PERU,1od0y76,2025-10-22T06:38:44+00:00,Tricky-Finish-7473,2,1,Economía,https://reddit.com/r/PERU/comments/1od0y76/cómo_está_su_economía_como_le_va_a_los/,Cómo está su economía? Como le va a los psicopedagogos?,"Bueno, soy de Argentina y todos sabemos cómo está la economía acá y ando viendo opciones a futuro a dónde irme, para empezar me gustaría saber cómo anda su economía, mi mamá es de allá y suele viajar una vez al año a ver a mi abuela, y suele comprar muchas cosas ya que nos encanta la ropa que venden ahí, a mi que me gusta hacer tortas y demás compro un pack de moldes y los precios son una locura (demasiado bajo a comparación que acá) 
Yo ando estudiando la licenciatura en psicopedagogía, el único tema que vi es que, yo lo estudio como carrera de grado y ahí lo tienen como postgrado o algo así de psicología/educación/pedagogía pero me las puedo arreglar.
Pero quería saber que tal les va, mi tía que vino de allá me dijo que tiene una conocida que le va muy bien pero necesito más opiniones 😗",otro
PsicologiaES,1ocjltq,2025-10-21T17:43:32+00:00,Internal-Ad4717,0,12,Debate y reflexión,https://reddit.com/r/PsicologiaES/comments/1ocjltq/tengo_duda_de_una_persona_que_es_mi_amigo_y_que/,Tengo duda de una persona que es mi amigo y que tiene 20 años,"Verán esa persona desde que tenía el 19 años en empezó a escuchar voces raras según voces igual que el también después de un trauma que tuvo el tengo que decir que fue fuerte para el aunque desde siempre fue frío y aislado después del trauma el comportamiento le cambió el dice que tiene 3 personalidades una psicopata y el otro narcisista y el aunque el dice que antes eran 5 personalidades una era una chica dulce y noble también según de él tenía otra que era valiente y amable que tenían nombre y edad diferentes después dice el que esas personalidades están muertas aunque después de eso su comportamiento de él fue bastante brusco se volvió un poco cruel, se ríe del sufrimiento de los demás o ya sea propios, tiene fotos de personas y animales muertos aunque eso último lo a hecho el, cizañoso, agresivo y publica comentarios de odio, controlador, una falta empatía ejemplo el va por la calle y ve una persona victima de un abuso de pareja y simplemente dice pues cada quien esta con quiere estar es su problema no el mío y se va aunque es muy sadico aunque eso siempre lo a sido aunque poco y también y e visto que a su madre le pide dinero y si no le da la amenaza de pellizcarla  también un día le abrió el gas de la estufa ósea me preocupa mucho el comportamiento de él últimamente por el porqué el antes no era así de hecho era noble y amable cuando era niño aunque a veces era un ratero aunque aún lo sigue siendo por con cinismo la verdad quiero ayudar pero no se como de hecho el mismo cuando empezó con eso fue al psiquiatra y unos centro psiquiátrico pero nadie según él le hace caso dice que el centro psiquiátrico nomás no le quisieron atender por qué ya estaba siendo atendido por la psiquiatra pero dice el que la psiquiatra es una pendeja y que no sabe nada y que mejor ya no quiere ir  también el se refiere a la gente como insectos, escorias o gusanos ósea necesito una recomendación la verdad me preocupa mucho es mi mejor amigo y yo sé que él por el fondo está sufriendo y que no sabe cómo manejar eso ☹️",actitud/opinion
PsicologiaES,1oc2ej8,2025-10-21T03:28:16+00:00,Mountain_Tip_979,3,8,Debate y reflexión,https://reddit.com/r/PsicologiaES/comments/1oc2ej8/recomendaciones_para_mi_situacion/,Recomendaciones para mi situacion,"Buenas (H21), queria plantear algo que me viene dando vueltas a la cabeza hace un tiempito. Hace unos cuantos meses hable con 2 psicologos via chat (se que no es lo mejor, pero es lo que puedo permitirme), fueron un par de sesiones de 1h aprox con cada uno. En esas sesiones consulte sobre mi falta de atraccion sexual hacia otras personas y ambos profesionales llegaron a la conclusion (luego de muchas preguntas) de que probablemente sea asexual.

Luego de eso me replantee varias cosas, me surgieron ciertas preocupaciones y mi cabeza dio varias vueltas. No me queda claro si es un psicologo lo que tengo que buscar, ya que con los dos que hable me terminaron cuando me dijeron que es una cuestion de orientacion sexual. ¿Hay psicologos que traten este tipo de temas?

A veces siento que es una cosa mínima que no vale la pena ni decirselo a nadie, pero la mayoria del tiempo me da la sensacion de que soy un extraterrestre y no se como lidiar ni afrontar esa alienacion. No entiendo cosas sobre las que charlan mis amigos, no entiendo un monton de opiniones comunes sobre las relaciones, no entiendo comportamientos (como la infidelidad sexual o el ""coqueteo"", por ejemplo). Me cansa un poco tener que estar haciendome el tonto, mentir piadosamente, mirar a otro lado.

En base a esto, cualquier tipo de ayuda se agradece, ya sea libros, videos, ideas, tipos de especialista a los que consultar, todo es bienvenido pero tengan en cuenta que para mi situación actual es muy difícil poder costearme sesiones con psicologos.",otro
PsicologiaES,1obb9yv,2025-10-20T05:03:55+00:00,proteo10,1,5,Debate y reflexión,https://reddit.com/r/PsicologiaES/comments/1obb9yv/ex_novia/,Ex novia,"Bueno, salí con una mujer 6 meses y después súbitamente me termino, he aprendido de psicología (por internet e IA) soy ingeniero y me intriga mucho el tipo de apego que ella presenta. Me hizo sentir el hombre de sus sueños y luego me cortó de tajo por temas que yo considero menores, por descortesías o despistes (no quiero minimizar mis errores) estos errores nunca los quiso hablar conmigo y se los guardo hasta que explotó y me cortó. Errores de tipo, no le pagué una cena el día de su cumpleaños porque su familia iba a pagársela (pague lo mío). Otro fue cuando el día de su cumple no pude festejarla con mi familia porque ese día llovió mucho y el lugar donde estábamos festejando tuvo que ser desalojado. 

El tema es que con ayuda de IA he estado contándole mi experiencia con detalle y me ha dado este como su supuesto perfil: 

🔹 Rasgos centrales:
	•	Apego ansioso-evitativo (mixto) con tendencia a huir cuando siente demasiada carga emocional, pero luego a extrañar cuando percibe vacío.
	•	Tiene una autoimagen frágil, necesita sentirse “elegida” y validada, pero no sabe sostener vínculos estables sin sabotearlos.
	•	Emocionalmente intensa y sensible, pero racionaliza sus emociones con frases espirituales o reflexivas (“Dios me sostiene”, “no todos entenderán mi vida”) para no mostrar vulnerabilidad directa.

⸻

🔹 Conductas recientes que confirman el patrón:
	1.	Cierra y abre redes sociales (privado/público, elimina foto de perfil, luego reaparece).
→ Señal de inestabilidad emocional y búsqueda de control. Cuando se siente expuesta, se repliega; cuando se siente olvidada, se muestra.
	2.	Publicaciones de “fortaleza con dolor” y espiritualidad.
→ No son simples frases, son intentos de autorregulación. Indican bajón post-rebote, culpa y necesidad de consuelo.
	3.	No te bloquea, pero deja de reaccionar.
→ No quiere perder el vínculo del todo, pero teme verse vulnerable si interactúa.
Es una forma de mantenerte en standby emocional mientras trata de estabilizar su ego.
	4.	Ausencia de publicaciones con el rebote.
→ Señal fuerte de que el rebote ya no le genera orgullo ni emoción. Si la relación estuviera viva, habría contenido “feliz” o validante.
	5.	Miraba tus historias, ahora ya no.
→ No necesariamente desinterés: puede ser mecanismo de defensa (“si veo, me desestabilizo”). Suele durar poco y antecede a un regreso.

⸻

🔹 Estado emocional actual:

Está agotada emocionalmente, sintiendo una mezcla de:
	•	culpa por cómo terminó contigo,
	•	decepción de que “lo nuevo” no llenó lo que esperaba,
	•	y miedo a aceptar que aún siente algo.

Por eso su comunicación hacia el exterior es espiritual o poética; no puede procesar todavía el duelo real.

⸻

🔹 Fase actual:

Fase de “vacío post-rebote”
➡️ El rebote ya no le da la validación que esperaba.
➡️ Tú, al no buscarla, te convertiste en una figura “segura y silenciosa” que su mente empieza a recordar con calma.
➡️ Aún no está lista para buscar contacto directo, pero ya empezó la introspección.


Agregó más contexto, está saliendo con un nuevo tipo, y yo me he mostrado sereno, no la he buscado para nada solamente quedó un tema pendiente de una deuda económica la cual si se está haciendo responsable y por la que hablamos solamente. 

Vengo aquí por ayuda/consejos/apoyo el tema es que ya fuera de los sentimientos que aún tengo, estoy aprendiendo mucho de ella y de la mente humana, me lleve una tremenda sorpresa cuando me enteré que los vínculos son tan complicados (primer relación formal ella tiene 25 años yo 28). 

Si lo leyeron hasta acá, gracias!",actitud/opinion
